CREATE DATABASE SmartHomeDB; 
GO
USE SmartHomeDB;
GO

CREATE TABLE SmartHomeDB.dbo.HomePermissions (
	Id uniqueidentifier NOT NULL,
	Name nvarchar(MAX) COLLATE SQL_Latin1_General_CP1_CI_AS NOT NULL,
	CONSTRAINT PK_HomePermissions PRIMARY KEY (Id)
);


-- SmartHomeDB.dbo.Roles definition

-- Drop table

-- DROP TABLE SmartHomeDB.dbo.Roles;

CREATE TABLE SmartHomeDB.dbo.Roles (
	Id uniqueidentifier NOT NULL,
	Name nvarchar(MAX) COLLATE SQL_Latin1_General_CP1_CI_AS NOT NULL,
	CONSTRAINT PK_Roles PRIMARY KEY (Id)
);


-- SmartHomeDB.dbo.SystemPermissions definition

-- Drop table

-- DROP TABLE SmartHomeDB.dbo.SystemPermissions;

CREATE TABLE SmartHomeDB.dbo.SystemPermissions (
	Id uniqueidentifier NOT NULL,
	Name nvarchar(MAX) COLLATE SQL_Latin1_General_CP1_CI_AS NOT NULL,
	CONSTRAINT PK_SystemPermissions PRIMARY KEY (Id)
);


-- SmartHomeDB.dbo.[__EFMigrationsHistory] definition

-- Drop table

-- DROP TABLE SmartHomeDB.dbo.[__EFMigrationsHistory];

CREATE TABLE SmartHomeDB.dbo.[__EFMigrationsHistory] (
	MigrationId nvarchar(150) COLLATE SQL_Latin1_General_CP1_CI_AS NOT NULL,
	ProductVersion nvarchar(32) COLLATE SQL_Latin1_General_CP1_CI_AS NOT NULL,
	CONSTRAINT PK___EFMigrationsHistory PRIMARY KEY (MigrationId)
);


-- SmartHomeDB.dbo.RoleSystemPermission definition

-- Drop table

-- DROP TABLE SmartHomeDB.dbo.RoleSystemPermission;

CREATE TABLE SmartHomeDB.dbo.RoleSystemPermission (
	Id uniqueidentifier NOT NULL,
	RoleId uniqueidentifier NOT NULL,
	PermissionId uniqueidentifier NOT NULL,
	CONSTRAINT PK_RoleSystemPermission PRIMARY KEY (Id),
	CONSTRAINT FK_RoleSystemPermission_Roles_RoleId FOREIGN KEY (RoleId) REFERENCES SmartHomeDB.dbo.Roles(Id) ON DELETE CASCADE,
	CONSTRAINT FK_RoleSystemPermission_SystemPermissions_PermissionId FOREIGN KEY (PermissionId) REFERENCES SmartHomeDB.dbo.SystemPermissions(Id) ON DELETE CASCADE
);
 CREATE NONCLUSTERED INDEX IX_RoleSystemPermission_PermissionId ON dbo.RoleSystemPermission (  PermissionId ASC  )  
	 WITH (  PAD_INDEX = OFF ,FILLFACTOR = 100  ,SORT_IN_TEMPDB = OFF , IGNORE_DUP_KEY = OFF , STATISTICS_NORECOMPUTE = OFF , ONLINE = OFF , ALLOW_ROW_LOCKS = ON , ALLOW_PAGE_LOCKS = ON  )
	 ON [PRIMARY ] ;
 CREATE NONCLUSTERED INDEX IX_RoleSystemPermission_RoleId ON dbo.RoleSystemPermission (  RoleId ASC  )  
	 WITH (  PAD_INDEX = OFF ,FILLFACTOR = 100  ,SORT_IN_TEMPDB = OFF , IGNORE_DUP_KEY = OFF , STATISTICS_NORECOMPUTE = OFF , ONLINE = OFF , ALLOW_ROW_LOCKS = ON , ALLOW_PAGE_LOCKS = ON  )
	 ON [PRIMARY ] ;


-- SmartHomeDB.dbo.Users definition

-- Drop table

-- DROP TABLE SmartHomeDB.dbo.Users;

CREATE TABLE SmartHomeDB.dbo.Users (
	Id uniqueidentifier NOT NULL,
	LastName nvarchar(MAX) COLLATE SQL_Latin1_General_CP1_CI_AS NOT NULL,
	Name nvarchar(MAX) COLLATE SQL_Latin1_General_CP1_CI_AS NOT NULL,
	Email nvarchar(MAX) COLLATE SQL_Latin1_General_CP1_CI_AS NOT NULL,
	Password nvarchar(MAX) COLLATE SQL_Latin1_General_CP1_CI_AS NOT NULL,
	RoleId uniqueidentifier NOT NULL,
	ProfileImage nvarchar(MAX) COLLATE SQL_Latin1_General_CP1_CI_AS NULL,
	CreatedAt datetime2 NOT NULL,
	HasCompany bit NOT NULL,
	CONSTRAINT PK_Users PRIMARY KEY (Id),
	CONSTRAINT FK_Users_Roles_RoleId FOREIGN KEY (RoleId) REFERENCES SmartHomeDB.dbo.Roles(Id) ON DELETE CASCADE
);
 CREATE NONCLUSTERED INDEX IX_Users_RoleId ON dbo.Users (  RoleId ASC  )  
	 WITH (  PAD_INDEX = OFF ,FILLFACTOR = 100  ,SORT_IN_TEMPDB = OFF , IGNORE_DUP_KEY = OFF , STATISTICS_NORECOMPUTE = OFF , ONLINE = OFF , ALLOW_ROW_LOCKS = ON , ALLOW_PAGE_LOCKS = ON  )
	 ON [PRIMARY ] ;


-- SmartHomeDB.dbo.Companies definition

-- Drop table

-- DROP TABLE SmartHomeDB.dbo.Companies;

CREATE TABLE SmartHomeDB.dbo.Companies (
	Id uniqueidentifier NOT NULL,
	Name nvarchar(MAX) COLLATE SQL_Latin1_General_CP1_CI_AS NOT NULL,
	OwnerId uniqueidentifier NOT NULL,
	Rut nvarchar(MAX) COLLATE SQL_Latin1_General_CP1_CI_AS NOT NULL,
	Logo nvarchar(MAX) COLLATE SQL_Latin1_General_CP1_CI_AS NOT NULL,
	ValidatorId uniqueidentifier DEFAULT '00000000-0000-0000-0000-000000000000' NOT NULL,
	CONSTRAINT PK_Companies PRIMARY KEY (Id),
	CONSTRAINT FK_Companies_Users_OwnerId FOREIGN KEY (OwnerId) REFERENCES SmartHomeDB.dbo.Users(Id) ON DELETE CASCADE
);
 CREATE NONCLUSTERED INDEX IX_Companies_OwnerId ON dbo.Companies (  OwnerId ASC  )  
	 WITH (  PAD_INDEX = OFF ,FILLFACTOR = 100  ,SORT_IN_TEMPDB = OFF , IGNORE_DUP_KEY = OFF , STATISTICS_NORECOMPUTE = OFF , ONLINE = OFF , ALLOW_ROW_LOCKS = ON , ALLOW_PAGE_LOCKS = ON  )
	 ON [PRIMARY ] ;


-- SmartHomeDB.dbo.Homes definition

-- Drop table

-- DROP TABLE SmartHomeDB.dbo.Homes;

CREATE TABLE SmartHomeDB.dbo.Homes (
	Id uniqueidentifier NOT NULL,
	AddressStreet nvarchar(MAX) COLLATE SQL_Latin1_General_CP1_CI_AS NOT NULL,
	AddressNumber int NOT NULL,
	Latitude int NOT NULL,
	Longitude int NOT NULL,
	MaxMembers int NOT NULL,
	OwnerId uniqueidentifier NOT NULL,
	MembersCount int NOT NULL,
	Name nvarchar(MAX) COLLATE SQL_Latin1_General_CP1_CI_AS NOT NULL,
	CONSTRAINT PK_Homes PRIMARY KEY (Id),
	CONSTRAINT FK_Homes_Users_OwnerId FOREIGN KEY (OwnerId) REFERENCES SmartHomeDB.dbo.Users(Id) ON DELETE CASCADE
);
 CREATE NONCLUSTERED INDEX IX_Homes_OwnerId ON dbo.Homes (  OwnerId ASC  )  
	 WITH (  PAD_INDEX = OFF ,FILLFACTOR = 100  ,SORT_IN_TEMPDB = OFF , IGNORE_DUP_KEY = OFF , STATISTICS_NORECOMPUTE = OFF , ONLINE = OFF , ALLOW_ROW_LOCKS = ON , ALLOW_PAGE_LOCKS = ON  )
	 ON [PRIMARY ] ;


-- SmartHomeDB.dbo.Rooms definition

-- Drop table

-- DROP TABLE SmartHomeDB.dbo.Rooms;

CREATE TABLE SmartHomeDB.dbo.Rooms (
	Id uniqueidentifier NOT NULL,
	Name nvarchar(MAX) COLLATE SQL_Latin1_General_CP1_CI_AS NOT NULL,
	HomeId uniqueidentifier NOT NULL,
	CONSTRAINT PK_Rooms PRIMARY KEY (Id),
	CONSTRAINT FK_Rooms_Homes_HomeId FOREIGN KEY (HomeId) REFERENCES SmartHomeDB.dbo.Homes(Id) ON DELETE CASCADE
);
 CREATE NONCLUSTERED INDEX IX_Rooms_HomeId ON dbo.Rooms (  HomeId ASC  )  
	 WITH (  PAD_INDEX = OFF ,FILLFACTOR = 100  ,SORT_IN_TEMPDB = OFF , IGNORE_DUP_KEY = OFF , STATISTICS_NORECOMPUTE = OFF , ONLINE = OFF , ALLOW_ROW_LOCKS = ON , ALLOW_PAGE_LOCKS = ON  )
	 ON [PRIMARY ] ;


-- SmartHomeDB.dbo.Sessions definition

-- Drop table

-- DROP TABLE SmartHomeDB.dbo.Sessions;

CREATE TABLE SmartHomeDB.dbo.Sessions (
	SessionId uniqueidentifier NOT NULL,
	UserId uniqueidentifier NOT NULL,
	CONSTRAINT PK_Sessions PRIMARY KEY (SessionId),
	CONSTRAINT FK_Sessions_Users_UserId FOREIGN KEY (UserId) REFERENCES SmartHomeDB.dbo.Users(Id) ON DELETE CASCADE
);
 CREATE NONCLUSTERED INDEX IX_Sessions_UserId ON dbo.Sessions (  UserId ASC  )  
	 WITH (  PAD_INDEX = OFF ,FILLFACTOR = 100  ,SORT_IN_TEMPDB = OFF , IGNORE_DUP_KEY = OFF , STATISTICS_NORECOMPUTE = OFF , ONLINE = OFF , ALLOW_ROW_LOCKS = ON , ALLOW_PAGE_LOCKS = ON  )
	 ON [PRIMARY ] ;


-- SmartHomeDB.dbo.SmartDevices definition

-- Drop table

-- DROP TABLE SmartHomeDB.dbo.SmartDevices;

CREATE TABLE SmartHomeDB.dbo.SmartDevices (
	Id uniqueidentifier NOT NULL,
	DeviceType int NOT NULL,
	Name nvarchar(MAX) COLLATE SQL_Latin1_General_CP1_CI_AS NOT NULL,
	Description nvarchar(MAX) COLLATE SQL_Latin1_General_CP1_CI_AS NOT NULL,
	CreateOn datetime2 NOT NULL,
	CompanyOwnerId uniqueidentifier NOT NULL,
	Discriminator nvarchar(13) COLLATE SQL_Latin1_General_CP1_CI_AS NOT NULL,
	HasExternalUse bit NULL,
	HasInternalUse bit NULL,
	MotionDetection bit NULL,
	PersonDetection bit NULL,
	Model nvarchar(MAX) COLLATE SQL_Latin1_General_CP1_CI_AS DEFAULT N'' NOT NULL,
	CONSTRAINT PK_SmartDevices PRIMARY KEY (Id),
	CONSTRAINT FK_SmartDevices_Companies_CompanyOwnerId FOREIGN KEY (CompanyOwnerId) REFERENCES SmartHomeDB.dbo.Companies(Id) ON DELETE CASCADE
);
 CREATE NONCLUSTERED INDEX IX_SmartDevices_CompanyOwnerId ON dbo.SmartDevices (  CompanyOwnerId ASC  )  
	 WITH (  PAD_INDEX = OFF ,FILLFACTOR = 100  ,SORT_IN_TEMPDB = OFF , IGNORE_DUP_KEY = OFF , STATISTICS_NORECOMPUTE = OFF , ONLINE = OFF , ALLOW_ROW_LOCKS = ON , ALLOW_PAGE_LOCKS = ON  )
	 ON [PRIMARY ] ;


-- SmartHomeDB.dbo.DeviceImages definition

-- Drop table

-- DROP TABLE SmartHomeDB.dbo.DeviceImages;

CREATE TABLE SmartHomeDB.dbo.DeviceImages (
	Id uniqueidentifier NOT NULL,
	IsMain bit NOT NULL,
	ImageUrl nvarchar(MAX) COLLATE SQL_Latin1_General_CP1_CI_AS NOT NULL,
	SmartDeviceId uniqueidentifier NULL,
	CONSTRAINT PK_DeviceImages PRIMARY KEY (Id),
	CONSTRAINT FK_DeviceImages_SmartDevices_SmartDeviceId FOREIGN KEY (SmartDeviceId) REFERENCES SmartHomeDB.dbo.SmartDevices(Id)
);
 CREATE NONCLUSTERED INDEX IX_DeviceImages_SmartDeviceId ON dbo.DeviceImages (  SmartDeviceId ASC  )  
	 WITH (  PAD_INDEX = OFF ,FILLFACTOR = 100  ,SORT_IN_TEMPDB = OFF , IGNORE_DUP_KEY = OFF , STATISTICS_NORECOMPUTE = OFF , ONLINE = OFF , ALLOW_ROW_LOCKS = ON , ALLOW_PAGE_LOCKS = ON  )
	 ON [PRIMARY ] ;


-- SmartHomeDB.dbo.HomeDevice definition

-- Drop table

-- DROP TABLE SmartHomeDB.dbo.HomeDevice;

CREATE TABLE SmartHomeDB.dbo.HomeDevice (
	Id uniqueidentifier NOT NULL,
	HomeId uniqueidentifier NOT NULL,
	DeviceId uniqueidentifier NOT NULL,
	IsConnected bit NOT NULL,
	Name nvarchar(MAX) COLLATE SQL_Latin1_General_CP1_CI_AS NULL,
	IsActive bit NOT NULL,
	RoomId uniqueidentifier NULL,
	CONSTRAINT AK_HomeDevice_HomeId_DeviceId UNIQUE (HomeId,DeviceId),
	CONSTRAINT PK_HomeDevice PRIMARY KEY (Id),
	CONSTRAINT FK_HomeDevice_Homes_HomeId FOREIGN KEY (HomeId) REFERENCES SmartHomeDB.dbo.Homes(Id) ON DELETE CASCADE,
	CONSTRAINT FK_HomeDevice_Rooms_RoomId FOREIGN KEY (RoomId) REFERENCES SmartHomeDB.dbo.Rooms(Id),
	CONSTRAINT FK_HomeDevice_SmartDevices_DeviceId FOREIGN KEY (DeviceId) REFERENCES SmartHomeDB.dbo.SmartDevices(Id)
);
 CREATE NONCLUSTERED INDEX IX_HomeDevice_DeviceId ON dbo.HomeDevice (  DeviceId ASC  )  
	 WITH (  PAD_INDEX = OFF ,FILLFACTOR = 100  ,SORT_IN_TEMPDB = OFF , IGNORE_DUP_KEY = OFF , STATISTICS_NORECOMPUTE = OFF , ONLINE = OFF , ALLOW_ROW_LOCKS = ON , ALLOW_PAGE_LOCKS = ON  )
	 ON [PRIMARY ] ;
 CREATE NONCLUSTERED INDEX IX_HomeDevice_RoomId ON dbo.HomeDevice (  RoomId ASC  )  
	 WITH (  PAD_INDEX = OFF ,FILLFACTOR = 100  ,SORT_IN_TEMPDB = OFF , IGNORE_DUP_KEY = OFF , STATISTICS_NORECOMPUTE = OFF , ONLINE = OFF , ALLOW_ROW_LOCKS = ON , ALLOW_PAGE_LOCKS = ON  )
	 ON [PRIMARY ] ;


-- SmartHomeDB.dbo.HomeMembers definition

-- Drop table

-- DROP TABLE SmartHomeDB.dbo.HomeMembers;

CREATE TABLE SmartHomeDB.dbo.HomeMembers (
	Id uniqueidentifier NOT NULL,
	HomeId uniqueidentifier NOT NULL,
	UserId uniqueidentifier NOT NULL,
	ShouldNotify bit NOT NULL,
	CONSTRAINT AK_HomeMembers_HomeId_UserId UNIQUE (HomeId,UserId),
	CONSTRAINT PK_HomeMembers PRIMARY KEY (Id),
	CONSTRAINT FK_HomeMembers_Homes_HomeId FOREIGN KEY (HomeId) REFERENCES SmartHomeDB.dbo.Homes(Id) ON DELETE CASCADE,
	CONSTRAINT FK_HomeMembers_Users_UserId FOREIGN KEY (UserId) REFERENCES SmartHomeDB.dbo.Users(Id)
);


-- SmartHomeDB.dbo.MemberHomePermission definition

-- Drop table

-- DROP TABLE SmartHomeDB.dbo.MemberHomePermission;

CREATE TABLE SmartHomeDB.dbo.MemberHomePermission (
	Id uniqueidentifier NOT NULL,
	MemberId uniqueidentifier NOT NULL,
	PermissionId uniqueidentifier NOT NULL,
	CONSTRAINT PK_MemberHomePermission PRIMARY KEY (Id),
	CONSTRAINT FK_MemberHomePermission_HomeMembers_MemberId FOREIGN KEY (MemberId) REFERENCES SmartHomeDB.dbo.HomeMembers(Id) ON DELETE CASCADE,
	CONSTRAINT FK_MemberHomePermission_HomePermissions_PermissionId FOREIGN KEY (PermissionId) REFERENCES SmartHomeDB.dbo.HomePermissions(Id) ON DELETE CASCADE
);
 CREATE NONCLUSTERED INDEX IX_MemberHomePermission_MemberId ON dbo.MemberHomePermission (  MemberId ASC  )  
	 WITH (  PAD_INDEX = OFF ,FILLFACTOR = 100  ,SORT_IN_TEMPDB = OFF , IGNORE_DUP_KEY = OFF , STATISTICS_NORECOMPUTE = OFF , ONLINE = OFF , ALLOW_ROW_LOCKS = ON , ALLOW_PAGE_LOCKS = ON  )
	 ON [PRIMARY ] ;
 CREATE NONCLUSTERED INDEX IX_MemberHomePermission_PermissionId ON dbo.MemberHomePermission (  PermissionId ASC  )  
	 WITH (  PAD_INDEX = OFF ,FILLFACTOR = 100  ,SORT_IN_TEMPDB = OFF , IGNORE_DUP_KEY = OFF , STATISTICS_NORECOMPUTE = OFF , ONLINE = OFF , ALLOW_ROW_LOCKS = ON , ALLOW_PAGE_LOCKS = ON  )
	 ON [PRIMARY ] ;


-- SmartHomeDB.dbo.Notifications definition

-- Drop table

-- DROP TABLE SmartHomeDB.dbo.Notifications;

CREATE TABLE SmartHomeDB.dbo.Notifications (
	Id uniqueidentifier NOT NULL,
	EventDate datetime2 NOT NULL,
	Event nvarchar(MAX) COLLATE SQL_Latin1_General_CP1_CI_AS NOT NULL,
	IsRead bit NOT NULL,
	HomeDeviceId uniqueidentifier NOT NULL,
	CONSTRAINT PK_Notifications PRIMARY KEY (Id),
	CONSTRAINT FK_Notifications_HomeDevice_HomeDeviceId FOREIGN KEY (HomeDeviceId) REFERENCES SmartHomeDB.dbo.HomeDevice(Id) ON DELETE CASCADE
);
 CREATE NONCLUSTERED INDEX IX_Notifications_HomeDeviceId ON dbo.Notifications (  HomeDeviceId ASC  )  
	 WITH (  PAD_INDEX = OFF ,FILLFACTOR = 100  ,SORT_IN_TEMPDB = OFF , IGNORE_DUP_KEY = OFF , STATISTICS_NORECOMPUTE = OFF , ONLINE = OFF , ALLOW_ROW_LOCKS = ON , ALLOW_PAGE_LOCKS = ON  )
	 ON [PRIMARY ] ;


-- SmartHomeDB.dbo.HomeMemberNotifications definition

-- Drop table

-- DROP TABLE SmartHomeDB.dbo.HomeMemberNotifications;

CREATE TABLE SmartHomeDB.dbo.HomeMemberNotifications (
	Id uniqueidentifier NOT NULL,
	HomeMemberId uniqueidentifier NOT NULL,
	NotificationId uniqueidentifier NOT NULL,
	CONSTRAINT PK_HomeMemberNotifications PRIMARY KEY (Id),
	CONSTRAINT FK_HomeMemberNotifications_HomeMembers_HomeMemberId FOREIGN KEY (HomeMemberId) REFERENCES SmartHomeDB.dbo.HomeMembers(Id),
	CONSTRAINT FK_HomeMemberNotifications_Notifications_NotificationId FOREIGN KEY (NotificationId) REFERENCES SmartHomeDB.dbo.Notifications(Id) ON DELETE CASCADE
);
 CREATE NONCLUSTERED INDEX IX_HomeMemberNotifications_HomeMemberId ON dbo.HomeMemberNotifications (  HomeMemberId ASC  )  
	 WITH (  PAD_INDEX = OFF ,FILLFACTOR = 100  ,SORT_IN_TEMPDB = OFF , IGNORE_DUP_KEY = OFF , STATISTICS_NORECOMPUTE = OFF , ONLINE = OFF , ALLOW_ROW_LOCKS = ON , ALLOW_PAGE_LOCKS = ON  )
	 ON [PRIMARY ] ;
 CREATE NONCLUSTERED INDEX IX_HomeMemberNotifications_NotificationId ON dbo.HomeMemberNotifications (  NotificationId ASC  )  
	 WITH (  PAD_INDEX = OFF ,FILLFACTOR = 100  ,SORT_IN_TEMPDB = OFF , IGNORE_DUP_KEY = OFF , STATISTICS_NORECOMPUTE = OFF , ONLINE = OFF , ALLOW_ROW_LOCKS = ON , ALLOW_PAGE_LOCKS = ON  )
	 ON [PRIMARY ] ;

INSERT INTO SmartHomeDB.dbo.Roles (Id,Name) VALUES
	 (N'12345678-1234-1234-1234-1234567890AB',N'Admin'),
	 (N'23456789-2345-2345-2345-1234567890AB',N'CompanyOwner'),
	 (N'34567890-3456-3456-3456-1234567890AB',N'HomeOwner'),
	 (N'45678901-4567-4567-4567-123456789AAB',N'AdminHomeOwner'),
	 (N'41111111-4567-4567-4567-123456789AAB',N'CompanyAndHomeOwner');


INSERT INTO SmartHomeDB.dbo.Users (Id,LastName,Name,Email,Password,RoleId,ProfileImage,CreatedAt,HasCompany) VALUES
	 (N'00000000-0000-0000-0000-000000000001',N'SuperAdmin',N'SuperAdmin',N'superadmin@gmail.com',N'Super-Admin1',N'45678901-4567-4567-4567-123456789AAB',NULL,'2024-10-21 00:00:00.0000000',0);

INSERT INTO SmartHomeDB.dbo.HomePermissions (Id,Name) VALUES
	 (N'45678901-4567-4567-4567-1234567890AB',N'AddSmartDevice'),
	 (N'67890123-6789-6789-6789-1234567890AB',N'GetHomeDevices'),
	 (N'B3EEE8DD-4C5F-4B8E-9A2E-1F3B5D6A7C8E',N'AddDeviceToRoom');

INSERT INTO SmartHomeDB.dbo.SystemPermissions (Id,Name) VALUES
	 (N'01234567-0123-0123-0123-1234567890AB',N'ModifyCompanyOwnerRole'),
	 (N'11111111-1111-1111-1111-1234567890AB',N'CreateAdmin'),
	 (N'12345678-1234-1234-1234-1234567890AB',N'AddHomePermission'),
	 (N'22222222-2222-2222-2222-1234567890AB',N'DeleteAdmin'),
	 (N'23456789-2345-2345-2345-1234567890AB',N'GetNotifications'),
	 (N'33333333-3333-3333-3333-1234567890AB',N'CreateCompanyOwner'),
	 (N'34567890-3456-3456-3456-1234567890AB',N'AddMember'),
	 (N'44444444-4444-4444-4444-1234567890AB',N'GetUsers'),
	 (N'45678901-4567-4567-4567-1234567890AB',N'AddSmartDevice'),
	 (N'55555555-5555-5555-5555-1234567890AB',N'GetCompanies');
INSERT INTO SmartHomeDB.dbo.SystemPermissions (Id,Name) VALUES
	 (N'56789012-5678-5678-5678-1234567890AB',N'GetHomeMembers'),
	 (N'66666666-6666-6666-6666-1234567890AB',N'CreateCompany'),
	 (N'67890123-6789-6789-6789-1234567890AB',N'GetHomeDevices'),
	 (N'77777777-7777-7777-7777-1234567890AB',N'CreateDevice'),
	 (N'78901234-7890-7890-7890-1234567890AB',N'ActivateMemberNotification'),
	 (N'89012345-8901-8901-8901-1234567890AB',N'DeactivateMemberNotification'),
	 (N'90123456-9012-9012-9012-1234567890AB',N'ModifyAdminRole'),
	 (N'99999999-9999-9999-9999-1234567890AB',N'CreateHome'),
	 (N'12345678-1234-1234-1234-1234567AAAAB',N'ModifyHomeName'),
	 (N'B3E1A8D2-4C5F-4B8E-9A2E-1F3B5D6A7C8E',N'ModifyHomeDeviceName');
INSERT INTO SmartHomeDB.dbo.SystemPermissions (Id,Name) VALUES
	 (N'B3EEE8D2-4C5F-4B8E-9A2E-1F3B5D6A7C8E',N'AddRoom'),
	 (N'B3EEE8DD-4C5F-4B8E-9A2E-1F3B5D6A7C8E',N'AddDeviceToRoom'),
	 (N'D2F1E8A4-3B6E-4B8E-9A2E-1F3B5D6A7C8E',N'GetHomes');

INSERT INTO SmartHomeDB.dbo.RoleSystemPermission (Id,RoleId,PermissionId) VALUES
	 (N'D03F54EC-1562-4C3F-A763-02DA0FB8D2F3',N'34567890-3456-3456-3456-1234567890AB',N'45678901-4567-4567-4567-1234567890AB'),
	 (N'D03F54EC-1562-4C3F-AAAA-02DA0FB8D2F3',N'45678901-4567-4567-4567-123456789AAB',N'45678901-4567-4567-4567-1234567890AB'),
	 (N'D03F54EC-1562-4C3F-CCCC-02DA0FB8D2F3',N'41111111-4567-4567-4567-123456789AAB',N'45678901-4567-4567-4567-1234567890AB'),
	 (N'F47AC10B-58CC-4372-AAAA-0E02B2C3D479',N'45678901-4567-4567-4567-123456789AAB',N'D2F1E8A4-3B6E-4B8E-9A2E-1F3B5D6A7C8E'),
	 (N'B3EEEED2-4454-4B8E-9A2E-1F3B5D6A7C8E',N'34567890-3456-3456-3456-1234567890AB',N'B3EEE8DD-4C5F-4B8E-9A2E-1F3B5D6A7C8E'),
	 (N'BBB1A8D2-4C5F-4B8E-9A2E-1F3B5D6A7C8E',N'34567890-3456-3456-3456-1234567890AB',N'B3E1A8D2-4C5F-4B8E-9A2E-1F3B5D6A7C8E'),
	 (N'B3EEEED2-4C5F-4B8E-9A2E-1F3B5D6A7C8E',N'34567890-3456-3456-3456-1234567890AB',N'B3EEE8D2-4C5F-4B8E-9A2E-1F3B5D6A7C8E'),
	 (N'B3EEEED2-4454-4B8E-AAAA-1F3B5D6A7C8E',N'45678901-4567-4567-4567-123456789AAB',N'B3EEE8DD-4C5F-4B8E-9A2E-1F3B5D6A7C8E'),
	 (N'BBB1A8D2-4C5F-4B8E-AAAA-1F3B5D6A7C8E',N'45678901-4567-4567-4567-123456789AAB',N'B3E1A8D2-4C5F-4B8E-9A2E-1F3B5D6A7C8E'),
	 (N'B3EEEED2-4C5F-4B8E-AAAA-1F3B5D6A7C8E',N'45678901-4567-4567-4567-123456789AAB',N'B3EEE8D2-4C5F-4B8E-9A2E-1F3B5D6A7C8E');
INSERT INTO SmartHomeDB.dbo.RoleSystemPermission (Id,RoleId,PermissionId) VALUES
	 (N'B3EEEED2-4454-4B8E-CCCC-1F3B5D6A7C8E',N'41111111-4567-4567-4567-123456789AAB',N'B3EEE8DD-4C5F-4B8E-9A2E-1F3B5D6A7C8E'),
	 (N'BBB1A8D2-4C5F-4B8E-CCCC-1F3B5D6A7C8E',N'41111111-4567-4567-4567-123456789AAB',N'B3E1A8D2-4C5F-4B8E-9A2E-1F3B5D6A7C8E'),
	 (N'B3EEEED2-4C5F-4B8E-CCCC-1F3B5D6A7C8E',N'41111111-4567-4567-4567-123456789AAB',N'B3EEE8D2-4C5F-4B8E-9A2E-1F3B5D6A7C8E'),
	 (N'13FBCB26-ECCC-41CB-A4D0-203C8039AEAB',N'12345678-1234-1234-1234-1234567890AB',N'44444444-4444-4444-4444-1234567890AB'),
	 (N'13FBCB26-ECCC-41CB-AAAA-203C8039AEAB',N'45678901-4567-4567-4567-123456789AAB',N'44444444-4444-4444-4444-1234567890AB'),
	 (N'10AF3FC3-7A3F-4C21-AAAA-2E15F231CAF3',N'45678901-4567-4567-4567-123456789AAB',N'33333333-3333-3333-3333-1234567890AB'),
	 (N'10AF3FC3-7A3F-4C21-B535-2E15F231CAF3',N'12345678-1234-1234-1234-1234567890AB',N'33333333-3333-3333-3333-1234567890AB'),
	 (N'5030F84F-E0FB-43BA-AAAA-3363DCCF213D',N'45678901-4567-4567-4567-123456789AAB',N'55555555-5555-5555-5555-1234567890AB'),
	 (N'5030F84F-E0FB-43BA-B3B8-3363DCCF213D',N'12345678-1234-1234-1234-1234567890AB',N'55555555-5555-5555-5555-1234567890AB'),
	 (N'F7A3A3B3-3B3B-3B3B-3B3B-3B3B3B3B3B3B',N'23456789-2345-2345-2345-1234567890AB',N'01234567-0123-0123-0123-1234567890AB');
INSERT INTO SmartHomeDB.dbo.RoleSystemPermission (Id,RoleId,PermissionId) VALUES
	 (N'FFA3A3B3-3B3B-3B3B-3B3B-3B3B3B3B3B3B',N'34567890-3456-3456-3456-1234567890AB',N'12345678-1234-1234-1234-1234567AAAAB'),
	 (N'F7B3B3B3-3B3B-3B3B-3B3B-3B3B3B3B3B3B',N'12345678-1234-1234-1234-1234567890AB',N'90123456-9012-9012-9012-1234567890AB'),
	 (N'FFA3A3B3-3B3B-3B3B-AAAA-3B3B3B3B3B3B',N'45678901-4567-4567-4567-123456789AAB',N'12345678-1234-1234-1234-1234567AAAAB'),
	 (N'FFA3A3B3-3B3B-3B3B-CCCC-3B3B3B3B3B3B',N'41111111-4567-4567-4567-123456789AAB',N'12345678-1234-1234-1234-1234567AAAAB'),
	 (N'9F407A6C-95C2-4FEE-AAAA-4A8AEB8181E9',N'45678901-4567-4567-4567-123456789AAB',N'99999999-9999-9999-9999-1234567890AB'),
	 (N'9F407A6C-95C2-4FEE-BDC6-4A8AEB8181E9',N'34567890-3456-3456-3456-1234567890AB',N'99999999-9999-9999-9999-1234567890AB'),
	 (N'9F407A6C-95C2-4FEE-CCCC-4A8AEB8181E9',N'41111111-4567-4567-4567-123456789AAB',N'99999999-9999-9999-9999-1234567890AB'),
	 (N'E3B0C442-98FC-1C14-9DDF-4B6E6E6E6E6E',N'34567890-3456-3456-3456-1234567890AB',N'D2F1E8A4-3B6E-4B8E-9A2E-1F3B5D6A7C8E'),
	 (N'D1E45413-F67F-46C5-AAAA-71881356C307',N'45678901-4567-4567-4567-123456789AAB',N'56789012-5678-5678-5678-1234567890AB'),
	 (N'D1E45413-F67F-46C5-AC84-71881356C307',N'34567890-3456-3456-3456-1234567890AB',N'56789012-5678-5678-5678-1234567890AB');
INSERT INTO SmartHomeDB.dbo.RoleSystemPermission (Id,RoleId,PermissionId) VALUES
	 (N'D1E45413-F67F-46C5-CCCC-71881356C307',N'41111111-4567-4567-4567-123456789AAB',N'56789012-5678-5678-5678-1234567890AB'),
	 (N'A01983CF-6FC8-479F-9EBA-7C0647E9CD5F',N'34567890-3456-3456-3456-1234567890AB',N'12345678-1234-1234-1234-1234567890AB'),
	 (N'A01983CF-6FC8-479F-AAAA-7C0647E9CD5F',N'45678901-4567-4567-4567-123456789AAB',N'12345678-1234-1234-1234-1234567890AB'),
	 (N'A01983CF-6FC8-479F-CCCC-7C0647E9CD5F',N'41111111-4567-4567-4567-123456789AAB',N'12345678-1234-1234-1234-1234567890AB'),
	 (N'8BD3FB56-6430-48E1-B955-8B6FCD7F6544',N'23456789-2345-2345-2345-1234567890AB',N'77777777-7777-7777-7777-1234567890AB'),
	 (N'8BD3FB56-6430-48E1-CCCC-8B6FCD7F6544',N'41111111-4567-4567-4567-123456789AAB',N'77777777-7777-7777-7777-1234567890AB'),
	 (N'D619E786-FD3E-47E4-8866-A091DB79F523',N'34567890-3456-3456-3456-1234567890AB',N'67890123-6789-6789-6789-1234567890AB'),
	 (N'D619E786-FD3E-47E4-AAAA-A091DB79F523',N'45678901-4567-4567-4567-123456789AAB',N'67890123-6789-6789-6789-1234567890AB'),
	 (N'D619E786-FD3E-47E4-CCCC-A091DB79F523',N'41111111-4567-4567-4567-123456789AAB',N'67890123-6789-6789-6789-1234567890AB'),
	 (N'FE965E49-84A3-4CC6-AAAA-A1EA2ED39562',N'45678901-4567-4567-4567-123456789AAB',N'89012345-8901-8901-8901-1234567890AB');
INSERT INTO SmartHomeDB.dbo.RoleSystemPermission (Id,RoleId,PermissionId) VALUES
	 (N'FE965E49-84A3-4CC6-AED0-A1EA2ED39562',N'34567890-3456-3456-3456-1234567890AB',N'89012345-8901-8901-8901-1234567890AB'),
	 (N'FE965E49-84A3-4CC6-CCCC-A1EA2ED39562',N'41111111-4567-4567-4567-123456789AAB',N'89012345-8901-8901-8901-1234567890AB'),
	 (N'A6A4097E-EB63-41BA-9D57-C7DF777E3218',N'34567890-3456-3456-3456-1234567890AB',N'23456789-2345-2345-2345-1234567890AB'),
	 (N'A6A4097E-EB63-41BA-AAAA-C7DF777E3218',N'45678901-4567-4567-4567-123456789AAB',N'23456789-2345-2345-2345-1234567890AB'),
	 (N'A6A4097E-EB63-41BA-CCCC-C7DF777E3218',N'41111111-4567-4567-4567-123456789AAB',N'23456789-2345-2345-2345-1234567890AB'),
	 (N'5EE2F16E-8C00-494A-98B4-CA24E354EC35',N'23456789-2345-2345-2345-1234567890AB',N'66666666-6666-6666-6666-1234567890AB'),
	 (N'5EE2F16E-8C00-494A-CCCC-CA24E354EC35',N'41111111-4567-4567-4567-123456789AAB',N'66666666-6666-6666-6666-1234567890AB'),
	 (N'B65F7A2F-A549-4FA2-974D-D6E073707DED',N'34567890-3456-3456-3456-1234567890AB',N'34567890-3456-3456-3456-1234567890AB'),
	 (N'B65F7A2F-A549-4FA2-AAAA-D6E073707DED',N'45678901-4567-4567-4567-123456789AAB',N'34567890-3456-3456-3456-1234567890AB'),
	 (N'B65F7A2F-A549-4FA2-CCCC-D6E073707DED',N'41111111-4567-4567-4567-123456789AAB',N'34567890-3456-3456-3456-1234567890AB');
INSERT INTO SmartHomeDB.dbo.RoleSystemPermission (Id,RoleId,PermissionId) VALUES
	 (N'DA63D420-8BCE-44DC-AAAA-DA3F9E4BF1BC',N'45678901-4567-4567-4567-123456789AAB',N'78901234-7890-7890-7890-1234567890AB'),
	 (N'DA63D420-8BCE-44DC-B96F-DA3F9E4BF1BC',N'34567890-3456-3456-3456-1234567890AB',N'78901234-7890-7890-7890-1234567890AB'),
	 (N'DA63D420-8BCE-44DC-CCCC-DA3F9E4BF1BC',N'41111111-4567-4567-4567-123456789AAB',N'78901234-7890-7890-7890-1234567890AB'),
	 (N'08129FCB-BB32-4440-9D6D-DAF74040C137',N'12345678-1234-1234-1234-1234567890AB',N'11111111-1111-1111-1111-1234567890AB'),
	 (N'08129FCB-BB32-4440-AAAA-DAF74040C137',N'45678901-4567-4567-4567-123456789AAB',N'11111111-1111-1111-1111-1234567890AB'),
	 (N'0B66A103-82FE-4B3C-8046-E7C09F9FF094',N'12345678-1234-1234-1234-1234567890AB',N'22222222-2222-2222-2222-1234567890AB'),
	 (N'0B66A103-82FE-4B3C-AAAA-E7C09F9FF094',N'45678901-4567-4567-4567-123456789AAB',N'22222222-2222-2222-2222-1234567890AB'),
	 (N'A1B2C3D4-E5F6-7890-CCCC-EF1234567890',N'41111111-4567-4567-4567-123456789AAB',N'D2F1E8A4-3B6E-4B8E-9A2E-1F3B5D6A7C8E');

INSERT INTO SmartHomeDB.dbo.[__EFMigrationsHistory] (MigrationId,ProductVersion) VALUES
	 (N'20241028131222_Initial',N'7.0.9'),
	 (N'20241105174419_ModelValidator',N'7.0.9'),
	 (N'20241109154520_Add_home_permissions',N'7.0.9'),
	 (N'20241113152441_Fix_HomeMember',N'7.0.9'),
	 (N'20241113180124_Fix_HomeDevice',N'7.0.9'),
	 (N'20241119205302_Fix_HomeMember_Finally',N'7.0.9'),
	 (N'20241119213530_Add_AK_HomeMember',N'7.0.9');

	 